-- MySQL dump 10.13  Distrib 5.6.24, for linux-glibc2.5 (x86_64)
--
-- Host: localhost    Database: DB_AFILIADOS
-- ------------------------------------------------------
-- Server version	5.6.25

/*!40101 SET @OLD_CHARACTER_SET_CLIENT=@@CHARACTER_SET_CLIENT */;
/*!40101 SET @OLD_CHARACTER_SET_RESULTS=@@CHARACTER_SET_RESULTS */;
/*!40101 SET @OLD_COLLATION_CONNECTION=@@COLLATION_CONNECTION */;
/*!40101 SET NAMES utf8 */;
/*!40103 SET @OLD_TIME_ZONE=@@TIME_ZONE */;
/*!40103 SET TIME_ZONE='+00:00' */;
/*!40014 SET @OLD_UNIQUE_CHECKS=@@UNIQUE_CHECKS, UNIQUE_CHECKS=0 */;
/*!40014 SET @OLD_FOREIGN_KEY_CHECKS=@@FOREIGN_KEY_CHECKS, FOREIGN_KEY_CHECKS=0 */;
/*!40101 SET @OLD_SQL_MODE=@@SQL_MODE, SQL_MODE='NO_AUTO_VALUE_ON_ZERO' */;
/*!40111 SET @OLD_SQL_NOTES=@@SQL_NOTES, SQL_NOTES=0 */;

--
-- Table structure for table `AFI_AFILIADOS`
--

DROP TABLE IF EXISTS `AFI_AFILIADOS`;
/*!40101 SET @saved_cs_client     = @@character_set_client */;
/*!40101 SET character_set_client = utf8 */;
CREATE TABLE `AFI_AFILIADOS` (
  `AFI_ID_SEC` int(11) NOT NULL AUTO_INCREMENT,
  `AFI_ID` varchar(13) NOT NULL,
  `AFI_ID_TRA` varchar(13) NOT NULL,
  `AFI_ID_DEPENDIENTE` varchar(13) NOT NULL,
  `AFI_NOMBRES` varchar(150) NOT NULL,
  `AFI_PARENTESCO` varchar(150) NOT NULL,
  `AFI_GENERO` varchar(150) NOT NULL,
  `AFI_FECHA_CREACION` timestamp NOT NULL DEFAULT CURRENT_TIMESTAMP ON UPDATE CURRENT_TIMESTAMP,
  `AFI_FECHA_MODIFICACION` timestamp NOT NULL DEFAULT '0000-00-00 00:00:00',
  `AFI_FECHA_ELIMINACION` timestamp NOT NULL DEFAULT '0000-00-00 00:00:00',
  `AFI_ESTADO_LOGICO` varchar(1) NOT NULL,
  PRIMARY KEY (`AFI_ID_SEC`)
) ENGINE=InnoDB DEFAULT CHARSET=latin1;
/*!40101 SET character_set_client = @saved_cs_client */;

--
-- Dumping data for table `AFI_AFILIADOS`
--

LOCK TABLES `AFI_AFILIADOS` WRITE;
/*!40000 ALTER TABLE `AFI_AFILIADOS` DISABLE KEYS */;
/*!40000 ALTER TABLE `AFI_AFILIADOS` ENABLE KEYS */;
UNLOCK TABLES;

--
-- Table structure for table `CARENCIAS`
--

DROP TABLE IF EXISTS `CARENCIAS`;
/*!40101 SET @saved_cs_client     = @@character_set_client */;
/*!40101 SET character_set_client = utf8 */;
CREATE TABLE `CARENCIAS` (
  `CAR_ID` int(11) NOT NULL AUTO_INCREMENT,
  `PLA_ID` int(11) NOT NULL,
  `CAR_NOMBRE` varchar(150) NOT NULL,
  `CAR_OBSERVACION` varchar(150) NOT NULL,
  `CAR_ESTADO_LOGICO` int(11) NOT NULL,
  PRIMARY KEY (`CAR_ID`)
) ENGINE=InnoDB AUTO_INCREMENT=171 DEFAULT CHARSET=latin1;
/*!40101 SET character_set_client = @saved_cs_client */;

--
-- Dumping data for table `CARENCIAS`
--

LOCK TABLES `CARENCIAS` WRITE;
/*!40000 ALTER TABLE `CARENCIAS` DISABLE KEYS */;
INSERT INTO `CARENCIAS` VALUES (1,1,'EMERGENCIA VITALES','A PARTIR DEL PRIMER PAGO',1),(4,1,'ATENCIONES AMBULATORIAS','1 MES',1),(5,1,'HOSPITALIZACIÓN / CIRUGÍA','4 MESES',1),(6,1,'EMBARAZO / INICIO DEL EMBARAZO','12 MESES',1),(7,1,'ENFERMEDADES CATASTRÓFICAS','24 MESES',1),(8,1,'RESONANCIA MAGNÉTICA','NO CUBRE',1),(9,1,'PREEXISTENCIA','18 MESES',1),(10,1,'ALERGIAS','N/A',1),(11,2,'EMERGENCIA VITALES','A PARTIR DEL PRIMER PAGO',1),(12,2,'ATENCIONES AMBULATORIAS','1 MES',1),(13,2,'HOSPITALIZACIÓN / CIRUGÍA','4 MESES',1),(14,2,'EMBARAZO / INICIO DEL EMBARAZO','12 MESES',1),(15,2,'ENFERMEDADES CATASTRÓFICAS','24 MESES',1),(16,2,'RESONANCIA MAGNÉTICA','NO CUBRE',1),(17,2,'PREEXISTENCIA','18 MESES',1),(18,2,'ALERGIAS','N/A',1),(19,3,'EMERGENCIA VITALES','48 HORAS',1),(20,3,'ATENCIONES AMBULATORIAS','1 MES',1),(21,3,'HOSPITALIZACIÓN / CIRUGÍA','4 MESES',1),(22,3,'EMBARAZO / INICIO DEL EMBARAZO','45 DÍAS SIEMPRE Y CUANDO REALICE LA INCLUSIÓN. DE LO CONTRARIO SERÁ DE 12 MESES.',1),(23,3,'ENFERMEDADES CATASTRÓFICAS','24 MESES',1),(24,3,'RESONANCIA MAGNÉTICA','12 MESES',1),(25,3,'PREEXISTENCIA','12 MESES',1),(26,3,'ALERGIAS','1 MES',1),(27,4,'EMERGENCIA VITALES','48 HORAS',1),(28,4,'ATENCIONES AMBULATORIAS','1 MES',1),(29,4,'HOSPITALIZACIÓN / CIRUGÍA','4 MESES',1),(30,4,'EMBARAZO / INICIO DEL EMBARAZO','45 DÍAS SIEMPRE Y CUANDO REALICE LA INCLUSIÓN. DE LO CONTRARIO SERÁ DE 12 MESES.',1),(31,4,'ENFERMEDADES CATASTRÓFICAS','24 MESES',1),(32,4,'RESONANCIA MAGNÉTICA','12 MESES',1),(33,4,'PREEXISTENCIA','12 MESES',1),(34,4,'ALERGIAS','1 MES',1),(35,5,'EMERGENCIA VITALES','48 HORAS',1),(36,5,'ATENCIONES AMBULATORIAS','1 MES',1),(37,5,'HOSPITALIZACIÓN / CIRUGÍA','4 MESES',1),(38,5,'EMBARAZO / INICIO DEL EMBARAZO','45 DÍAS SIEMPRE Y CUANDO REALICE LA INCLUSIÓN. DE LO CONTRARIO SERÁ DE 12 MESES.',1),(39,5,'ENFERMEDADES CATASTRÓFICAS','24 MESES',1),(40,5,'RESONANCIA MAGNÉTICA','12 MESES',1),(41,5,'PREEXISTENCIA','12 MESES',1),(42,5,'ALERGIAS','1 MES',1),(43,6,'EMERGENCIA VITALES','48 HORAS',1),(44,6,'ATENCIONES AMBULATORIAS','1 MES',1),(45,6,'HOSPITALIZACIÓN / CIRUGÍA','4 MESES',1),(46,6,'EMBARAZO / INICIO DEL EMBARAZO','45 DÍAS SIEMPRE Y CUANDO REALICE LA INCLUSIÓN. DE LO CONTRARIO SERÁ DE 12 MESES.',1),(47,6,'ENFERMEDADES CATASTRÓFICAS','24 MESES',1),(48,6,'RESONANCIA MAGNÉTICA','12 MESES',1),(49,6,'PREEXISTENCIA','12 MESES',1),(50,6,'ALERGIAS','1 MES',1),(51,7,'EMERGENCIA VITALES','48 HORAS',1),(52,7,'ATENCIONES AMBULATORIAS','1 MES',1),(53,7,'HOSPITALIZACIÓN / CIRUGÍA','4 MESES',1),(54,7,'EMBARAZO / INICIO DEL EMBARAZO','45 DÍAS SIEMPRE Y CUANDO REALICE LA INCLUSIÓN. DE LO CONTRARIO SERÁ DE 12 MESES.',1),(55,7,'ENFERMEDADES CATASTRÓFICAS','24 MESES',1),(56,7,'RESONANCIA MAGNÉTICA','12 MESES',1),(57,7,'PREEXISTENCIA','12 MESES',1),(58,7,'ALERGIAS','1 MES',1),(59,8,'EMERGENCIA VITALES','48 HORAS',1),(60,8,'ATENCIONES AMBULATORIAS','1 MES',1),(61,8,'HOSPITALIZACIÓN / CIRUGÍA','4 MESES',1),(62,8,'EMBARAZO / INICIO DEL EMBARAZO','45 DÍAS SIEMPRE Y CUANDO REALICE LA INCLUSIÓN. DE LO CONTRARIO SERÁ DE 12 MESES.',1),(63,8,'ENFERMEDADES CATASTRÓFICAS','24 MESES',1),(64,8,'RESONANCIA MAGNÉTICA','12 MESES',1),(65,8,'PREEXISTENCIA','12 MESES',1),(66,8,'ALERGIAS','1 MES',1),(67,9,'EMERGENCIA VITALES','48 HORAS',1),(68,9,'ATENCIONES AMBULATORIAS','1 MES',1),(69,9,'HOSPITALIZACIÓN / CIRUGÍA','4 MESES',1),(70,9,'EMBARAZO / INICIO DEL EMBARAZO','45 DÍAS SIEMPRE Y CUANDO REALICE LA INCLUSIÓN. DE LO CONTRARIO SERÁ DE 12 MESES.',1),(71,9,'ENFERMEDADES CATASTRÓFICAS','24 MESES',1),(72,9,'RESONANCIA MAGNÉTICA','12 MESES',1),(73,9,'PREEXISTENCIA','12 MESES',1),(74,9,'ALERGIAS','1 MES',1),(75,10,'EMERGENCIA VITALES','48 HORAS',1),(76,10,'ATENCIONES AMBULATORIAS','1 MES',1),(77,10,'HOSPITALIZACIÓN / CIRUGÍA','4 MESES',1),(78,10,'EMBARAZO / INICIO DEL EMBARAZO','45 DÍAS SIEMPRE Y CUANDO REALICE LA INCLUSIÓN. DE LO CONTRARIO SERÁ DE 12 MESES.',1),(79,10,'ENFERMEDADES CATASTRÓFICAS','24 MESES',1),(80,10,'RESONANCIA MAGNÉTICA','12 MESES',1),(81,10,'PREEXISTENCIA','12 MESES',1),(82,10,'ALERGIAS','1 MES',1),(83,11,'EMERGENCIA VITALES','48 HORAS',1),(84,11,'ATENCIONES AMBULATORIAS','1 MES',1),(85,11,'HOSPITALIZACIÓN / CIRUGÍA','4 MESES',1),(86,11,'EMBARAZO / INICIO DEL EMBARAZO','45 DÍAS SIEMPRE Y CUANDO REALICE LA INCLUSIÓN. DE LO CONTRARIO SERÁ DE 12 MESES.',1),(87,11,'ENFERMEDADES CATASTRÓFICAS','N/A',1),(88,11,'RESONANCIA MAGNÉTICA','NO CUBRE',1),(89,11,'PREEXISTENCIA','6 MESES',1),(90,11,'ALERGIAS','1 MES',1),(91,12,'EMERGENCIA VITALES','48 HORAS',1),(92,12,'ATENCIONES AMBULATORIAS','1 MES',1),(93,12,'HOSPITALIZACIÓN / CIRUGÍA','4 MESES',1),(94,12,'EMBARAZO / INICIO DEL EMBARAZO','45 DÍAS SIEMPRE Y CUANDO REALICE LA INCLUSIÓN. DE LO CONTRARIO SERÁ DE 12 MESES.',1),(95,12,'ENFERMEDADES CATASTRÓFICAS','N/A',1),(96,12,'RESONANCIA MAGNÉTICA','NO CUBRE',1),(97,12,'PREEXISTENCIA','6 MESES',1),(98,12,'ALERGIAS','1 MES',1),(99,13,'EMERGENCIA VITALES','48 HORAS',1),(100,13,'ATENCIONES AMBULATORIAS','1 MES',1),(101,13,'HOSPITALIZACIÓN / CIRUGÍA','6 MESES',1),(102,13,'EMBARAZO / INICIO DEL EMBARAZO','12 MESES',1),(103,13,'ENFERMEDADES CATASTRÓFICAS','N/A',1),(104,13,'RESONANCIA MAGNÉTICA','NO CUBRE',1),(105,13,'PREEXISTENCIA','6 MESES',1),(106,13,'ALERGIAS','1 MES',1),(107,14,'EMERGENCIA VITALES','48 HORAS',1),(108,14,'ATENCIONES AMBULATORIAS','1 MES',1),(109,14,'HOSPITALIZACIÓN / CIRUGÍA','4 MESES',1),(110,14,'EMBARAZO / INICIO DEL EMBARAZO','12 MESES',1),(111,14,'ENFERMEDADES CATASTRÓFICAS','N/A',1),(112,14,'RESONANCIA MAGNÉTICA','NO CUBRE',1),(113,14,'PREEXISTENCIA','6 MESES',1),(114,14,'ALERGIAS','1 MES',1),(115,15,'EMERGENCIA VITALES','48 HORAS',1),(116,15,'ATENCIONES AMBULATORIAS','1 MES',1),(117,15,'HOSPITALIZACIÓN / CIRUGÍA','4 MESES',1),(118,15,'EMBARAZO / INICIO DEL EMBARAZO','90 DÍAS',1),(119,15,'ENFERMEDADES CATASTRÓFICAS','N/A',1),(120,15,'RESONANCIA MAGNÉTICA','NO CUBRE',1),(121,15,'PREEXISTENCIA','6 MESES',1),(122,15,'ALERGIAS','1 MES',1),(123,16,'EMERGENCIA VITALES','48 HORAS',1),(124,16,'ATENCIONES AMBULATORIAS','1 MES',1),(125,16,'HOSPITALIZACIÓN / CIRUGÍA','4 MESES',1),(126,16,'EMBARAZO / INICIO DEL EMBARAZO','90 DÍAS',1),(127,16,'ENFERMEDADES CATASTRÓFICAS','N/A',1),(128,16,'RESONANCIA MAGNÉTICA','NO CUBRE',1),(129,16,'PREEXISTENCIA','6 MESES',1),(130,16,'ALERGIAS','1 MES',1),(131,17,'EMERGENCIA VITALES','48 HORAS',1),(132,17,'ATENCIONES AMBULATORIAS','1 MES',1),(133,17,'HOSPITALIZACIÓN / CIRUGÍA','4 MESES',1),(134,17,'EMBARAZO / INICIO DEL EMBARAZO','90 DÍAS',1),(135,17,'ENFERMEDADES CATASTRÓFICAS','24 MESES',1),(136,17,'RESONANCIA MAGNÉTICA','NO CUBRE',1),(137,17,'PREEXISTENCIA','6 MESES',1),(138,17,'ALERGIAS','1 MES',1),(139,18,'EMERGENCIA VITALES','24 HORAS',1),(140,18,'ATENCIONES AMBULATORIAS','1 MES',1),(141,18,'HOSPITALIZACIÓN / CIRUGÍA','3 MESES',1),(142,18,'EMBARAZO / INICIO DEL EMBARAZO','90 DÍAS',1),(143,18,'ENFERMEDADES CATASTRÓFICAS','N/A',1),(144,18,'RESONANCIA MAGNÉTICA','6 MESES',1),(145,18,'PREEXISTENCIA','6 MESES',1),(146,18,'ALERGIAS','80%',1),(147,19,'EMERGENCIA VITALES','24 HORAS',1),(148,19,'ATENCIONES AMBULATORIAS','1 MES',1),(149,19,'HOSPITALIZACIÓN / CIRUGÍA','3 MESES',1),(150,19,'EMBARAZO / INICIO DEL EMBARAZO','90 DÍAS',1),(151,19,'ENFERMEDADES CATASTRÓFICAS','N/A',1),(152,19,'RESONANCIA MAGNÉTICA','6 MESES',1),(153,19,'PREEXISTENCIA','6 MESES',1),(154,19,'ALERGIAS','80%',1),(155,20,'EMERGENCIA VITALES','24 HORAS',1),(156,20,'ATENCIONES AMBULATORIAS','1 MES',1),(157,20,'HOSPITALIZACIÓN / CIRUGÍA','3 MESES',1),(158,20,'EMBARAZO / INICIO DEL EMBARAZO','N/A',1),(159,20,'ENFERMEDADES CATASTRÓFICAS','N/A',1),(160,20,'RESONANCIA MAGNÉTICA','6 MESES',1),(161,20,'PREEXISTENCIA','6 MESES',1),(162,20,'ALERGIAS','80%',1),(163,21,'EMERGENCIA VITALES','24 HORAS',1),(164,21,'ATENCIONES AMBULATORIAS','1 MES',1),(165,21,'HOSPITALIZACIÓN / CIRUGÍA','3 MESES',1),(166,21,'EMBARAZO / INICIO DEL EMBARAZO','N/A',1),(167,21,'ENFERMEDADES CATASTRÓFICAS','N/A',1),(168,21,'RESONANCIA MAGNÉTICA','6 MESES',1),(169,21,'PREEXISTENCIA','6 MESES',1),(170,21,'ALERGIAS','80%',1);
/*!40000 ALTER TABLE `CARENCIAS` ENABLE KEYS */;
UNLOCK TABLES;

--
-- Table structure for table `CONTRATOS`
--

DROP TABLE IF EXISTS `CONTRATOS`;
/*!40101 SET @saved_cs_client     = @@character_set_client */;
/*!40101 SET character_set_client = utf8 */;
CREATE TABLE `CONTRATOS` (
  `CONT_ID_SEC` int(11) NOT NULL AUTO_INCREMENT,
  `CONT_ID` int(11) NOT NULL,
  `CONT_ID_TRA` int(11) NOT NULL,
  `AFI_ID` varchar(13) NOT NULL,
  `AFI_TITULAR` varchar(13) NOT NULL,
  `CONT_FECHA_INICIO` varchar(30) NOT NULL,
  `CONT_FECHA_VIGENCIA` varchar(30) NOT NULL,
  `CONT_VIENE_DE` varchar(50) NOT NULL,
  `CONT_PLA` int(11) NOT NULL,
  `CONT_ESTADO_LOGICO` varchar(1) NOT NULL,
  PRIMARY KEY (`CONT_ID_SEC`)
) ENGINE=InnoDB DEFAULT CHARSET=latin1;
/*!40101 SET character_set_client = @saved_cs_client */;

--
-- Dumping data for table `CONTRATOS`
--

LOCK TABLES `CONTRATOS` WRITE;
/*!40000 ALTER TABLE `CONTRATOS` DISABLE KEYS */;
/*!40000 ALTER TABLE `CONTRATOS` ENABLE KEYS */;
UNLOCK TABLES;

--
-- Table structure for table `DEDUCIBLES`
--

DROP TABLE IF EXISTS `DEDUCIBLES`;
/*!40101 SET @saved_cs_client     = @@character_set_client */;
/*!40101 SET character_set_client = utf8 */;
CREATE TABLE `DEDUCIBLES` (
  `DED_ID` int(11) NOT NULL AUTO_INCREMENT,
  `DED_PLAN` int(11) NOT NULL,
  `DED_NOMBRE` varchar(150) NOT NULL,
  `DED_VALOR` double NOT NULL,
  `DED_ESTADO_LOGICO` varchar(1) NOT NULL,
  PRIMARY KEY (`DED_ID`)
) ENGINE=InnoDB AUTO_INCREMENT=77 DEFAULT CHARSET=latin1;
/*!40101 SET character_set_client = @saved_cs_client */;

--
-- Dumping data for table `DEDUCIBLES`
--

LOCK TABLES `DEDUCIBLES` WRITE;
/*!40000 ALTER TABLE `DEDUCIBLES` DISABLE KEYS */;
INSERT INTO `DEDUCIBLES` VALUES (1,1,'DEDUCIBLE HOSPITALARIO',0,'1'),(2,1,'DEDUCIBLE AMBULATORIO',0,'1'),(3,1,'DEDUCIBLE HOSPITALARIO H.A.',0,'1'),(4,1,'DEDUCIBLE AMBULATORIO H.A.',0,'1'),(5,2,'DEDUCIBLE HOSPITALARIO',0,'1'),(6,2,'DEDUCIBLE AMBULATORIO',0,'1'),(7,2,'DEDUCIBLE HOSPITALARIO H.A.',0,'1'),(8,2,'DEDUCIBLE AMBULATORIO H.A.',0,'1'),(9,3,'DEDUCIBLE HOSPITALARIO',50,'1'),(10,3,'DEDUCIBLE AMBULATORIO',25,'1'),(11,3,'DEDUCIBLE HOSPITALARIO H.A.',25,'1'),(12,3,'DEDUCIBLE AMBULATORIO H.A.',0,'1'),(13,4,'DEDUCIBLE HOSPITALARIO',60,'1'),(14,4,'DEDUCIBLE AMBULATORIO',30,'1'),(15,4,'DEDUCIBLE HOSPITALARIO H.A.',30,'1'),(16,4,'DEDUCIBLE AMBULATORIO H.A.',0,'1'),(17,5,'DEDUCIBLE HOSPITALARIO',80,'1'),(18,5,'DEDUCIBLE AMBULATORIO',40,'1'),(19,5,'DEDUCIBLE HOSPITALARIO H.A.',40,'1'),(20,5,'DEDUCIBLE AMBULATORIO H.A.',0,'1'),(21,6,'DEDUCIBLE HOSPITALARIO',100,'1'),(22,6,'DEDUCIBLE AMBULATORIO',50,'1'),(23,6,'DEDUCIBLE HOSPITALARIO H.A.',50,'1'),(24,6,'DEDUCIBLE AMBULATORIO H.A.',0,'1'),(25,7,'DEDUCIBLE HOSPITALARIO',50,'1'),(26,7,'DEDUCIBLE AMBULATORIO',25,'1'),(27,7,'DEDUCIBLE HOSPITALARIO H.A.',25,'1'),(28,7,'DEDUCIBLE AMBULATORIO H.A.',0,'1'),(29,8,'DEDUCIBLE HOSPITALARIO',60,'1'),(30,8,'DEDUCIBLE AMBULATORIO',30,'1'),(31,8,'DEDUCIBLE HOSPITALARIO H.A.',30,'1'),(32,8,'DEDUCIBLE AMBULATORIO H.A.',0,'1'),(33,9,'DEDUCIBLE HOSPITALARIO',80,'1'),(34,9,'DEDUCIBLE AMBULATORIO',40,'1'),(35,9,'DEDUCIBLE HOSPITALARIO H.A.',40,'1'),(36,9,'DEDUCIBLE AMBULATORIO H.A.',0,'1'),(37,10,'DEDUCIBLE HOSPITALARIO',100,'1'),(38,10,'DEDUCIBLE AMBULATORIO',50,'1'),(39,10,'DEDUCIBLE HOSPITALARIO H.A.',50,'1'),(40,10,'DEDUCIBLE AMBULATORIO H.A.',0,'1'),(41,11,'DEDUCIBLE HOSPITALARIO',65,'1'),(42,11,'DEDUCIBLE AMBULATORIO',0,'1'),(43,11,'DEDUCIBLE HOSPITALARIO H.A.',65,'1'),(44,11,'DEDUCIBLE AMBULATORIO H.A.',0,'1'),(45,12,'DEDUCIBLE HOSPITALARIO',65,'1'),(46,12,'DEDUCIBLE AMBULATORIO',0,'1'),(47,12,'DEDUCIBLE HOSPITALARIO H.A.',65,'1'),(48,12,'DEDUCIBLE AMBULATORIO H.A.',0,'1'),(49,13,'DEDUCIBLE HOSPITALARIO',40,'1'),(50,13,'DEDUCIBLE AMBULATORIO',0,'1'),(51,13,'DEDUCIBLE HOSPITALARIO H.A.',40,'1'),(52,13,'DEDUCIBLE AMBULATORIO H.A.',0,'1'),(53,14,'DEDUCIBLE HOSPITALARIO',40,'1'),(54,14,'DEDUCIBLE AMBULATORIO',0,'1'),(55,14,'DEDUCIBLE HOSPITALARIO H.A.',40,'1'),(56,14,'DEDUCIBLE AMBULATORIO H.A.',0,'1'),(57,15,'DEDUCIBLE HOSPITALARIO',50,'1'),(58,15,'DEDUCIBLE AMBULATORIO',0,'1'),(59,15,'DEDUCIBLE HOSPITALARIO H.A.',25,'1'),(60,15,'DEDUCIBLE AMBULATORIO H.A.',0,'1'),(61,16,'DEDUCIBLE HOSPITALARIO',60,'1'),(62,16,'DEDUCIBLE AMBULATORIO',0,'1'),(63,16,'DEDUCIBLE HOSPITALARIO H.A.',30,'1'),(64,16,'DEDUCIBLE AMBULATORIO H.A.',0,'1'),(65,17,'DEDUCIBLE HOSPITALARIO',80,'1'),(66,17,'DEDUCIBLE AMBULATORIO',0,'1'),(67,17,'DEDUCIBLE HOSPITALARIO H.A.',40,'1'),(68,17,'DEDUCIBLE AMBULATORIO H.A.',0,'1'),(69,18,'DEDUCIBLE HOSPITALARIO',70,'1'),(70,18,'DEDUCIBLE AMBULATORIO',70,'1'),(71,19,'DEDUCIBLE HOSPITALARIO',90,'1'),(72,19,'DEDUCIBLE AMBULATORIO',90,'1'),(73,20,'DEDUCIBLE HOSPITALARIO',70,'1'),(74,20,'DEDUCIBLE AMBULATORIO',70,'1'),(75,21,'DEDUCIBLE HOSPITALARIO',90,'1'),(76,21,'DEDUCIBLE AMBULATORIO',90,'1');
/*!40000 ALTER TABLE `DEDUCIBLES` ENABLE KEYS */;
UNLOCK TABLES;

--
-- Table structure for table `EXCLUSIONES`
--

DROP TABLE IF EXISTS `EXCLUSIONES`;
/*!40101 SET @saved_cs_client     = @@character_set_client */;
/*!40101 SET character_set_client = utf8 */;
CREATE TABLE `EXCLUSIONES` (
  `EXC_ID` int(11) NOT NULL AUTO_INCREMENT,
  `EXC_NOMBRE` varchar(150) NOT NULL,
  `EXC_PLAN` int(11) NOT NULL,
  `EXC_ESTADO_LOGICO` varchar(1) NOT NULL,
  PRIMARY KEY (`EXC_ID`)
) ENGINE=InnoDB DEFAULT CHARSET=latin1;
/*!40101 SET character_set_client = @saved_cs_client */;

--
-- Dumping data for table `EXCLUSIONES`
--

LOCK TABLES `EXCLUSIONES` WRITE;
/*!40000 ALTER TABLE `EXCLUSIONES` DISABLE KEYS */;
/*!40000 ALTER TABLE `EXCLUSIONES` ENABLE KEYS */;
UNLOCK TABLES;

--
-- Table structure for table `PLANES`
--

DROP TABLE IF EXISTS `PLANES`;
/*!40101 SET @saved_cs_client     = @@character_set_client */;
/*!40101 SET character_set_client = utf8 */;
CREATE TABLE `PLANES` (
  `PLA_ID` int(11) NOT NULL AUTO_INCREMENT,
  `PLA_NOMBRE` varchar(150) NOT NULL,
  `PLA_MONTO_MAXIMO` varchar(20) NOT NULL,
  `PLA_HABITACION` varchar(20) NOT NULL,
  `PLA_UCI` varchar(20) NOT NULL,
  `PLA_COBERTURA_APEN` varchar(20) NOT NULL,
  `PLA_COBERTURA_LAP` varchar(20) NOT NULL,
  `PLA_TERAPIA_DOLOR` varchar(20) NOT NULL,
  `PLA_EMBARAZO` varchar(20) NOT NULL,
  `PLA_ENF_CATASTROFICA` varchar(20) NOT NULL,
  `PLA_CONSULTA_ALERGIAS` varchar(20) NOT NULL,
  `PLA_TRATAMIENTO_ALERGIAS` varchar(20) NOT NULL,
  `PLA_TOPE_PREEXISTEN` varchar(20) DEFAULT NULL,
  `PLA_PORCEN_PREEXISTEN` varchar(50) NOT NULL,
  `PLA_MEDICINAS` varchar(20) NOT NULL DEFAULT 'COMERCIAL/GENERICA',
  `PLA_TERAPIA_REHABILITACION` varchar(20) NOT NULL,
  `PLA_ESTADO_LOGICO` varchar(1) NOT NULL,
  PRIMARY KEY (`PLA_ID`)
) ENGINE=InnoDB AUTO_INCREMENT=22 DEFAULT CHARSET=latin1;
/*!40101 SET character_set_client = @saved_cs_client */;

--
-- Dumping data for table `PLANES`
--

LOCK TABLES `PLANES` WRITE;
/*!40000 ALTER TABLE `PLANES` DISABLE KEYS */;
INSERT INTO `PLANES` VALUES (1,'PREVENIR','20000','SEMIPRIVADA','500','20000','20000','NO CUBRE','1500','10000','N/A','N/A','N/A','100%','GENERICAS','10 AL AÑO','1'),(2,'PREVENIR PLUS','20000','PRIVADA','500','20000','20000','NO CUBRE','1500','10000','N/A','N/A','N/A','100%','COMERCIAL','10 AL AÑO','1'),(3,'BASICO','5000','COMPARTIDA','1000','500','500','SI CUBRE','1000','2000','60%','60%','1000','60%>1AÑO|70%>2AÑOS|80%>3AÑOS','GENERICAS','10 AL AÑO','1'),(4,'GOLD','10000','COMPARTIDA','2000','700','700','SI CUBRE','2000','3000','60%','60%','2000','60%>1AÑO|70%>2AÑOS|80%>3AÑOS','GENERICAS','10 AL AÑO','1'),(5,'PLATINUM','20000','PRIVADA','3000','1200','1200','SI CUBRE','3000','5000','60%','60%','4000','60%>1AÑO|70%>2AÑOS|80%>3AÑOS','COMERCIAL','10 AL AÑO','1'),(6,'BLACK','30000','JR. SUITE','5000','1500','1500','SI CUBRE','3500','10000','60%','60%','6000','60%>1AÑO|70%>2AÑOS|80%>3AÑOS','COMERCIAL','10 AL AÑO','1'),(7,'BASICO PLUS','5000','COMPARTIDA','80% 5 DIAS','80%','80%','SI CUBRE','1000','2000','60%','60%','1000','60%>1AÑO|70%>2AÑOS|80%>3AÑOS','GENERICAS','10 AL AÑO','1'),(8,'GOLD PLUS','15000','COMPARTIDA','80% 5 DIAS','80%','80%','SI CUBRE','2000','3000','60%','60%','2000','60%>1AÑO|70%>2AÑOS|80%>3AÑOS','GENERICAS','10 AL AÑO','1'),(9,'PLATINUM PLUS','30000','PRIVADA','80% 5 DIAS','80%','80%','SI CUBRE','3000','5000','60%','60%','4000','60%>1AÑO|70%>2AÑOS|80%>3AÑOS','COMERCIAL','10 AL AÑO','1'),(10,'BLACK PLUS','50000','JR. SUITE','80% 5 DIAS','80%','80%','SI CUBRE','3500','10000','60%','60%','6000','60%>1AÑO|70%>2AÑOS|80%>3AÑOS','COMERCIAL','10 AL AÑO','1'),(11,'80/20','10000','COMPARTIDA','300','500','500','NO CUBRE','1000','N/A','60%','60%','600','80/20','GENERICAS','10 AL AÑO','1'),(12,'80/20 LANDIN','10000','COMPARTIDA','80%','800','800','NO CUBRE','1200','N/A','60%','60%','1000','80/20','GENERICAS','10 AL AÑO','1'),(13,'COOP. GQUIL','5000','PRIVADA','5000','5000','5000','NO CUBRE','5000','N/A','60%','60%','1000','40% 6 MESES|20% > 1 AÑO','GENERICAS','10 AL AÑO','1'),(14,'JAPINA','5000','PRIVADA','5000','5000','5000','NO CUBRE','5000','N/A','60%','60%','1000','40% 4 MESES|80% > 1AÑO|100% > 2AÑOS','GENERICAS','10 AL AÑO','1'),(15,'POOL 3.500','3500','COMPATIDA','500','3500','3500','NO CUBRE','700','N/A','60%','60%','500','80/20','GENERICAS','10 AL AÑO','1'),(16,'POOL 7.000','7000','COMPARTIDA','1500','7000','7000','NO CUBRE','1000','N/A','60%','60%','1000','80/20','GENERICAS','10 AL AÑO','1'),(17,'POOL 15.000','15000','PRIVADA','2500','15000','15000','NO CUBRE','1500','2000','60%','60%','1500','80/20','GENERICAS','10 AL AÑO','1'),(18,'POOL ASPROS ABIERTO 10.000','10000','80','45 DIAS / 80%','10000','10000','SI CUBRE','2000','N/A','80%','80%','2500','80/20','80%','10 AL AÑO','1'),(19,'POOL ASPROS ABIERTO 20.000','20000','130','45 DIAS / 80%','20000','20000','SI CUBRE','3000','N/A','80%','80%','4500','80/20','80%','10 AL AÑO','1'),(20,'POOL ASPROS CERRADO 10.000','10000','PRIVADA','3000','10000','10000','SI CUBRE','N/A','N/A','80%','80%','1500','80/20','80%','10 AL AÑO','1'),(21,'POOL ASPROS CERRADO 20.000','20000','PRIVADA','5000','20000','20000','SI CUBRE','N/A','N/A','80%','80%','2500','80/20','80%','10 AL AÑO','1');
/*!40000 ALTER TABLE `PLANES` ENABLE KEYS */;
UNLOCK TABLES;

--
-- Table structure for table `TRANSACCION`
--

DROP TABLE IF EXISTS `TRANSACCION`;
/*!40101 SET @saved_cs_client     = @@character_set_client */;
/*!40101 SET character_set_client = utf8 */;
CREATE TABLE `TRANSACCION` (
  `TRA_ID` int(11) NOT NULL AUTO_INCREMENT,
  `TRA_FECHA_CREACION` timestamp NOT NULL DEFAULT CURRENT_TIMESTAMP ON UPDATE CURRENT_TIMESTAMP,
  `TRA_FECHA_ELMINACION` timestamp NOT NULL DEFAULT '0000-00-00 00:00:00',
  `TRA_MOTIVO_ELMINACION` varchar(150) DEFAULT NULL,
  `TRA_ESTADO_LOGICO` varchar(1) NOT NULL DEFAULT '1',
  PRIMARY KEY (`TRA_ID`)
) ENGINE=InnoDB DEFAULT CHARSET=latin1;
/*!40101 SET character_set_client = @saved_cs_client */;

--
-- Dumping data for table `TRANSACCION`
--

LOCK TABLES `TRANSACCION` WRITE;
/*!40000 ALTER TABLE `TRANSACCION` DISABLE KEYS */;
/*!40000 ALTER TABLE `TRANSACCION` ENABLE KEYS */;
UNLOCK TABLES;
/*!40103 SET TIME_ZONE=@OLD_TIME_ZONE */;

/*!40101 SET SQL_MODE=@OLD_SQL_MODE */;
/*!40014 SET FOREIGN_KEY_CHECKS=@OLD_FOREIGN_KEY_CHECKS */;
/*!40014 SET UNIQUE_CHECKS=@OLD_UNIQUE_CHECKS */;
/*!40101 SET CHARACTER_SET_CLIENT=@OLD_CHARACTER_SET_CLIENT */;
/*!40101 SET CHARACTER_SET_RESULTS=@OLD_CHARACTER_SET_RESULTS */;
/*!40101 SET COLLATION_CONNECTION=@OLD_COLLATION_CONNECTION */;
/*!40111 SET SQL_NOTES=@OLD_SQL_NOTES */;

-- Dump completed on 2015-07-02 10:07:46
